Date,Value,S_alter
2022-07-06,"Beim EasyRide wünsche ich mir eine optisch klarer Trennung zwischen den Einstellung 1. Klasse oder 2. Klasse, so dass ich bei der spontanen Nutzung nicht aus Versehen in die falsche Klasse einchecke und nicht etwa unbewusst 1. Klasse fahre. Darüber hinaus wäre es schön in noch mehr Wagen im Regionalverkehr Ladepunkte für das Natel am Platz zu haben. Ansonsten ist die SBB, besonders nach der Einführung von EasyRide, einfach die beste Bahn in Europa. Einfach zu nutzen, relativ sauber und fast immer pünktlich. Als Grenzgänger aus Deutschland schätze ich dies sehr.",42.0
2022-07-06,EasyRide ne fonctionne pas comme il faut. J'ai effectué un start puis un stop sur easyride en gare de Montreux dût à un retard de train et il m'a été facturé 2fr40 pour un trajet fictif depuis le gare de Montreux dont je n'avais pas quitté.,65.0
2022-07-06,"Auf der Strecke lässt sich die Verbindung mit 5 Minuten Umsteigezeit in Zürich nicht mehr buchen. Das ist ärgerlich. Ohne Verspätung ist es problemlos möglich von Gleis 12 auf 14 in 5 Minuten umzusteigen. Nutze daher easyride. Habe aber so keine Möglichkeit spartickets zu buchen, ohne für die Strecke zwei separate Tickets zu buchen.",40.0
2022-07-05,I use EasyRide - my only problem I have is that when I get to the final station I sometimes forget to stop it.   Otherwise I have no complaints or comments as the quality of the service is excellent,66.0
2022-07-04,"J’aime beaucoup utiliser easy ride, l’application fonctionne bien et est facile et pratique a utiliser. Je souhaiterais que l’on puisse continuer à acheter un abonnement à dépenser sur une année via easy ride.",47.0
2022-07-04,Konnte EasyRide in Frick erst nicht stoppen und ausloggen. Es suchte über 10 min lang die Endhaltestelle.Auf der Rechnung war es dann aber korrekt.,54.0
2022-07-03,"Erstaunt hat uns, dass unsere Kollegin, welche Easy Ride benutzt weniger bezahlt hat als wir mit den Billetten von der App. Es war nicht sehr viel, ich erwähne es nur, weil es uns aufgefallen ist.",58.0
2022-07-01,Ich bin eigentlich nicht in Olten zugestiegen. Ich kame mit dem Zug von Basel nach Bern.  Ich war mit Easyride unterwegs!!,80.0
2022-06-29,"Mir ist nun schon zweimal passiert, dass ich  Easy Ride erst im Zug aktivieren wollte und der Standort nicht gefunden wurde weshalb  ich nochmals aussteigen musste. Ausserdem finde ich, dass die Klimaanlage oft zu stark kühlt.",57.0
2022-06-27,Ich habe für meine Frau ein Streckenbillett von Wettingen Staffelstrasse nach Pontresina gelöst. Dieses war Fr. 2.00 günstiger als meine Abrechnung für die selbe Reise mit Easy Ride. Was ist der Grund?,77.0
2022-06-26,"Velosituation zt etwas schwierig, weilman nun reservieren muss am Wochenende. Ich teste zudem das neue Abo mit Easyride, was ich geundsätzlich super finde. Aber die App hat Verbesserungspotential (Standorteinstellung muss auf ‚immer‘ sein, sonst fkt die App nicht. Finde ich unlogisch, wenn es schon Wahlmöglichkeiten gibt). Zudem wäre es hilfreich, wenn die App sich bemerkbar macht, wenn man vergisst, sich auszuloggen.",42.0
2022-06-23,"* Früher war in Basel auf den Anzeigetafeln ersichtlich, wo sich die erste und zweite Klasse befindet, jetzt nicht mehr (ausser, man läuft ganz weit nach vorne bis direkt unter die Tafel, was sinnlos ist). Besonders beim ICE, der jedes Mal anders steht, ist das mühsam.  * Ich würde gerne bei EasyRide flexibel zwischen der ersten und zweiten Klasse wechseln können. Auszuchecken und wieder neu einzuchecken dauert lange und funktioniert im Zug drin oft gar nicht, was zu Stress führt.  * In diesem Zusammenhang: Zwischen Basel und Zürich ist jeder dritte Zug ein Ersatzzug. Eine aktualisierte und einigermassen zuverlässige Angabe in der App, ob ein Speisewagen zur Verfügung steht, wäre darum angenehm. (Und keine überfüllten Miniatur-Ersatzzüge.)",41.0
2022-06-19,"Bin mit Easy Ride gefahren. Mir wurde statt von St. Margrethen Bahnhof, ein Billet von St. Margrethen Central berechnet. Dadurch habe ich mehr als den Regulären Preis bezahlt. Ich werde in Zukunft Easy Ride nicht mehr benutzen.",53.0
2022-06-17,"Ich habe das Easy Ride für die Strecke von Meilen auf das Jungfraujoch benutzt. Es wäre hilfreich gewesen, zu wissen, dass Easy Ride nur auf GA-Strecken möglich ist. Es wäre für mich einiges günstiger gewesen, ein normales Billett von Meilen aufs Jungfraujoch zu lösen. Da ich teilweise mit einem Kollegen mit 1. Kl. GA gefahren bin, dachte ich easy ride sei einfacher, wegen dem Klassenwechsel.",58.0
2022-06-14,"Le 14.06.2022, j'ai effectué un trajet de Berne à Olten avec EasyRide et le retour de Olten à Bienne, également via EasyRide. Et pas comme vous le mentionnez de Bienne à Olten.",46.0
2022-06-12,"Umsteigeverbindungen mit Fahrrad auf Fahrplan markieren (z.B. genug Zeit mit 2 Liftbenützungen)   Fahrradbillette sep. kaufen wäre einfacher als Billett kaufen über  Verbindung  da die Tickets nicht für uns  sind sondern für die Fahrräder. Wir reisen mit Easyride.  Ganz schlecht: in den Bahnhöfen gibts keine Ladestationen für Ebikes, unbedingter Nachholbedarf. Oder wenigstens Steckdosen für   das eigene Ladegerät wo es erlaubt ist Strom zu nehmen (man kommt sich etwas illegal vor wenn man irgendwo eine Steckdose benützt).",60.0
2022-06-12,Gut wäre wenn man bei der SBb app easy Ride auch für Familienmitglieder einstellen könnte. Tiket lösen geht ja auch,64.0
2022-06-11,"Nur noch eine kleine Geschichte:  Da wir mit dem Zug von Venedig bis Zürich gereist waren und wir für unseren Anschlusszug nach Basel nur 7 Min. Umsteigzeit hatten, war es etwas knapp.  Wir schafften es gerade noch bevor der Zug anfuhr. Ich habe dann sofort nach dem Anfahren das Easy Ride aktiviert.  Gleich darauf kam die Kontrolle und die Dame bemerkte das Malheur. Sie sagte das sei aber gar nicht gestattet, Easy Ride müsse bevor man in den Zug steigt aktiviert werden. Da es aber innerhalb einer 2Min.-Toleranz lag, war sie nachsichtig und verzichtete auf die Busse von 90.-!  Uff - das war knapp, aber sehr nett von der Kontrolleurin!",70.0
2022-06-11,"Die Reisen sind ok!  In unserer Region ist es eher schwierig , Unsicherheiten zu Easy Ride, oder Bahnbiletten zu klären!  Zu einem Kurs der SBB habe ich mich bereits zum 3. mal angemeldet, hoffe es hat diesmal noch einen Platz frei!  Fühle mich machmal verunsichert beim lösen, vor allem Zusatzbillete!",63.0
2022-06-10,Die EasyRide-Funktion verbessern,49.0
2022-06-09,"- j'ai pris mon billet sur l'application Easyride donc vous disposez de mon parcours précis. Il aurait été bien de les intégrer directement à ce questionnaire plutôt que de me reposer la question de mon trajet  - la propreté est un point critique qui a fort décliné. Les usagers sont responsables mais au prix du billet, on s'attendrait à un service de nettoyage impeccable. Les agents de nettoyage ne font que vider les poubelles quand elles leur sont accesibles. Pas d'aspiration et de nettoyage et les voitures enfant avec jeux sont également concernées  - renforcer la coopération avec les services d'ordre à Yverdon car même si je n'ai personnellement pas ressenti d'insécurité, la présence en masse de certaines personnes qui n'utilisent manifestement pas les trains est dérangeante",38.0
2022-06-07,das billett ist falsch berechnet. ich bin von luzern nach dübendorf gefahren. und dann am abend nach höschgasse. falsche reihenfolge in der befragung. wegen easy ride.,24.0
2022-06-05,EasyRide-App verbessern. Insbesodere das Starten wenn man bereits im Zug sitzt ist Stress pur. Vermutlich weil das GPS-Signal zu schwach ist. Starten sollte trotzdem möglich sein.,38.0
2022-06-05,"EasyRide est bien mais mérite d’être améliorer   Triste de voir que les billets gratuits aéroports- gare de Genève ont été supprimés- cela décourage vraiment la mobilité douce, dommage…. Au moins cela a le mérite de voir quelles sont les priorités",55.0
2022-06-04,Spartickets mit EasyRide. HalbTax abschaffen und dafür Preise halbieren. APP benutzerfreundlicher machen. Direkte Verbindungen von Basel aus (man muss immer in Bern oder Zürich umsteigen)!,30.0
2022-06-02,"Mehr Transparenz bei den Preisen; Busverbindungen (Zonen an Abfahrts-/Ankuftsort) in Preis inkludieren.    Mobile-App: Verbindung fixieren/markieren können (zB wenn EasyRide-Billet gezeigt wird, muss danach Verbindung wieder neu eingegeben werden)",28.0
2022-06-01,"Eine Anregung habe ich im Moment nur diese: Bitte macht es wie vor ein paar Jahren; Thun Interlaken mit dem Schiff, Rückreise mit dem Zug , oder umgekehrt möglich.  Bestimmt bin ich nicht die erste Reisende der folgendes passiert ist: Für die Strecke auf dem See, die von Thun Schifffahrt bis Interlaken West Schiff führte besitze ich den Seepass. Leider vergas ich in Thun Easy Ride zurück zu schieben. Erst auf der Strecke nach Beatenbucht erinnerte ich mich an das Vergessene. Sofort erledigter ich dies auf EasyRide. Der Preis: statt Fr. 2.30 Fr. 15.--. Das Versehen habe ich bereits auf www.sbb.ch gemeldet und um eine Rückerstattung gebeten. Sie Antwort sollte in den nächsten Tagen eintreffen.",76.0
2022-06-01,"Eine Anregung habe ich im Moment nur diese: Bitte macht es wie vor ein paar Jahren; Thun Interlaken mit dem Schiff, Rückreise mit dem Zug , oder umgekehrt möglich.  Bestimmt bin ich nicht die erste Reisende der folgendes passiert ist: Für die Strecke auf dem See, die von Thun Schifffahrt bis Interlaken West Schiff führte besitze ich den Seepass. Leider vergas ich in Thun Easy Ride zurück zu schieben. Erst auf der Strecke nach Beatenbucht erinnerte ich mich an das Vergessene. Sofort erledigter ich dies auf EasyRide. Der Preis: statt Fr. 2.30 Fr. 15.--. Das Versehen habe ich bereits auf www.sbb.ch gemeldet und um eine Rückerstattung gebeten. Sie Antwort sollte in den nächsten Tagen eintreffen.",76.0
2022-05-31,Je suis un client très heureux des CFF et de la qualité des voyages en train. Juste que l'application easy ride n'est pas au top pour l'instant. Le pire dans easy ride c'est qu'ils essaient d'accéder à ma géolocalisation même si je ne voyage pas souvent je reçois des alertes de mon iphone que l'application à essayer d'accéder à ma localisation 84 durant la nuit.,36.0
2022-05-30,"Die Reise hätte eigentlich ab Le Landeron nach Gals, Dorf weitergehen sollen. Da der Zug Biel - Le Landeron aber 3 Minuten Verspätung hatte, mussten wir für die letzte Etappe eine private Autofahrt organisieren. Gut waren wir mit EasyRide unterwegs und mussten diese Strecke nicht doppelt noch bezahlen.",50.0
2022-05-20,"Grüezi mitenand  Ich habe diese Umfrage mitgemacht, weil mich noch ein Vorkommnis einer älteren Reise von Zug nach Zürich HB ärgert:  Am 2. April 2022 bin ich mit EasyRide im InterRegio 2632 von Zug 17:29 nach Zürich HB 17:50 gefahren.  Aus irgendeinem Grund hat das EasyRide erst zwischen den beiden Tunnels in Sihlbrugg gestartet.  Als der Zugsbegleiter zwischen Horgen und Thalwil mein Ticket kontrolliert hat, hat er mich mit 90 Franken gebüsst. Diskussion/Erklärung erfolglos.  Es ist schade, dass die SBB hier so stur reagiert hat und es verdirbt einem die Freude am Zugfahren!  Freundliche Grüsse",59.0
2022-05-17,"Billettkauf via App 1 Kl. danach war easy ride auch auf 1 kl eingestellt, jedoch auf eigene rechnung. Das ist uncool. Was hat ein Billettkauf mit easyride zu tun (klassenmässig)??",49.0
2022-05-17,"Billettkauf via App 1 Kl. danach war easy ride auch auf 1 kl eingestellt, jedoch auf eigene rechnung. Das ist uncool. Was hat ein Billettkauf mit easyride zu tun (klassenmässig)??",49.0
2022-05-13,"- Ein Abo, welches auch die  neuen  HomeOffice-Begebenheiten mitberücksichtigt und flexibler ist (z.B. nur 1-2x wöchentlich ins Büro / anstelle von Stempelkarten oder )  - Abfalleimer in der 2. Klasse wieder einführen  - EasyRide welches selber bemerkt, wenn man nicht mehr fährt sondern läuft (z.B. über Geschwindigkeit)",45.0
2022-04-25,"Easy Ride wird in Oberdiessbach nicht unterstützt , schade",75.0
2022-04-21,"Au retour à 22.30, easyride a facturé mon billet 12.50fr alors que mon amie, en possession du demi tarif, l a payé 3,20fr. Je ne comprends pas",59.0
2022-04-11,Verfügbarkeit easyRide verbessern.,81.0
2022-03-22,"Ich habe diese Reise mit einer Tageskarte absolviert, nachdem ich mehrmals falsche Abrechnungen von easy ride auf dieser Strecke bekommen habe. Insofern bin ich mit der Dienstleistung der SBB nicht zufrieden und habe nun auf dieser Strecke notgedrungen von easy ride auf den Billetkauf einer Tageskarte umgestellt.",60.0
2022-02-15,"Mis à part le fait de ne pas avoir utilisé le billet du retour. En général je prends des allez simple, parfois je dors à Bienne. Le billet m'ayant été proposé dans le train sur l appli cff avec l aide des contrôleur, nouvelle appli sympa pour lors d un oubli ou d un retard mais sur laquelle avec esay ride, un trajet en bus m à été facturé en plus. Si l appli cff est bien easyride ne fonctionne pas encore parfaitement, l'aide des contrôleurs était la bienvenue.",40.0
2022-02-15,"Wollte eigentlich mit EasyRide fahren. EasyRide hat aber extrem häufig die Eigenschaft, dass der Abfahrtsort nicht erkannt wird  obwohl das GPS einen Ort hat, die Mobilen Daten funktionieren und selbst die SBB-App einen  aktuellen Standort  incl. aller Zugverbindungen hat und auflistet. EasyRide übernimmt dies aber meistens nie und klagt immer nur über fehlende/ungenügende Ortsangabe obwohl sie in der App ja da ist. Völlig sinnlos und somit schlicht nicht brauchbar.",64.0
2022-02-11,"Mit dieser Easyride funktion könnte man den Fahrpreis noch viel besser individualisieren. Wenn ich zb vom Flughafen nach Lindbergplatz fahre, zahle ich genauso viel, wie bis nach Winkelried....?",50.0
2022-01-23,"Lange Züge am Wochenende und in den Stosszeiten.  EasyRide hatte nicht funktioniert (Standortsuche ging nicht), deshalb musste ich das Ticket kurzfristig direkt vor dem Einsteigen in den Zug kaufen, das war mühsam.  Mehr Datenschutz wäre wünschenswert!",32.0
2021-12-19,"Unerklärlicherweise funktionierte Easy ride im Bahnhof Luzern nicht, so dass ich auf ein Einzelbillet wechseln  musste. Ich hatte die Standortfindung eingeschaltet, wie ich über swiss map kontrolliert habe.",75.0
2021-12-17,Easyride hat nicht funktioniert. Daher musste ich ein Ticket kaufen. Mit easyride wäre die Fahrt günstiger gewesen. Die Idee von Easyride ist super aber leider funktioniert das App oft nicht richtig.,54.0
2021-11-19,Weshalb kann man bei EasyRide nicht weitere Fahrgäste hinzufügen?  Das wäre eine super Erleichterung,54.0
2021-11-05,"Den lokalen ÖV in die Sparbillete einbinden, denn die Sparpreise sind reine Augenwischerei! Rechne ich die lokalen Tarife in St. Gallen und Zug zum Sparbilletpreis von CHF 14.80 dazu (SG CHF 2.60 und CHF ZG 4.50) komme ich auf CHF 21.90; Normalpreis wäre CHF 21.00, inkl. Lokalverkehr! Rechnet sich also nicht, im Gegenteil, ich lege noch CHF -.90 drauf = nichts von  SPAREN! UND: Man ist zeitlich an bestimmte Züge gebunden. Mache ich nicht mehr und nutze EASY RIDE.",78.0
2021-10-30,"Easy Ride sollte nicht auf den Kalendertag beschränkt sein sonder auch die ZVV 24h Tickets verstehen. Ich musste am Freitag Abend ausserhalb von EasyRide ein 24h Ticket lösen, so dass es für die Fahrten am Samstag zum HB und wieder nach Hause gültig blieb. Das ergibt ein Gewirr an Tickets (ZVV 24h zum HB, Sparticket nach Luzern, Easy Ride von Luzern zurück zum HB (brauchte Flexibilität beim Abfahrtszeitpunkt), Easy Ride abschalten und mit dem ZVV Ticket wieder nach Hause.",53.0
2021-10-30,"Easy Ride sollte nicht auf den Kalendertag beschränkt sein sonder auch die ZVV 24h Tickets verstehen. Ich musste am Freitag Abend ausserhalb von EasyRide ein 24h Ticket lösen, so dass es für die Fahrten am Samstag zum HB und wieder nach Hause gültig blieb. Das ergibt ein Gewirr an Tickets (ZVV 24h zum HB, Sparticket nach Luzern, Easy Ride von Luzern zurück zum HB (brauchte Flexibilität beim Abfahrtszeitpunkt), Easy Ride abschalten und mit dem ZVV Ticket wieder nach Hause.",53.0
2021-10-12,"Das Easy Ride weiter entwickeln und verbessern, damit ich dies auch auf meinem älteren iPhone verwenden kann. Dazu bräuchte es auch einen besseren Mobile-Empfang im HB Shopville und bei den darunterliegenden Gleisen! Vielen Dank!",60.0
2021-10-12,"Hatte während rund 20 Jahren zur vollsten Zufriedenheit 1. Kl. GA welches ich immer selber bezahlte. Heute kaufe ich das Ticket online oder reise per easy ride. Wenn ich ein Retourbillet kaufen möchte, um am 2. oder 3. Tag zurückzufahren, funktioniert dies nicht oder ist zu kompliziert. Dann muss ich stets zum bedienten Ticketschalter gehen, was aufwändig ist.",65.0
2021-10-09,"Sie könnten z.B. die easyride kosten gleich teuer machen,  wie wenn man ein streckenbilette löst.  Ir deppe",18.0
2021-10-07,Mein Easy Ride wieder frei schalten danke,17.0
2021-10-07,Bekam mal eine Bussgeld von 90.- Fr. da mein Easyride sich nicht aktivieren lies und ich deshalb das Ticet wärrend der Fahrt löste.,20.0
2021-09-23,"grosser Aerger, weil EasyRide für die Strecke Wengen nach Männlichen nicht funktioniert, gemäss Auskunft am Schalter in Wengen nicht eingesetzt werden kann. Ebenso hat es nicht funktioniert für die Strecke kleine Scheidegg nach Eigergletscher, konnte Station kleine Scheidegg nicht orten. Eine Info, dass das so st, ist nicht vorhanden.",71.0
2021-09-18,Easy Ride und Billetkauf via App spinnen leider oft.,32.0
2021-09-12,"I wonder why the easy ride is little expensive then other form of ticket purchase system.  My son is 16 years old was traveling together with me using easy ride, at the end of the ride his fare is more then me.",56.0
2021-09-10,"Ich würde mir als GA Kunde auf der SBB App, den Klassrnwechsel im Easy Ride machen zu können.",53.0
2021-09-06,Ich reise normalerweise mit Easy Ride. Das hat aber ab Murten nicht funktioniert. Denke da die Strecke von BLS bedient wird. Schade.,65.0
2021-09-02,"En gare de Lausanne, souvent des problèmes de réseau pour utiliser la fonctionnalité très pratique Easyride. Parfois obligé de passer par le mode d'achat du billet classique.  Sinon, rien à signaler, tout est correct.",30.0
2021-08-30,Der Klassenwechsel sollte bei Nutzung von Easy Ride einfacher buchbar sein.,55.0
2021-08-13,"- der lift auf dem Perron 2/3 in wädenswil ist ein Ärgernis, da er in sehr schlechtem zustand ist.  - bei easyride sollte es 24 h Zonenangebote geben.    danke für ihre kenntnisnahme,  doris greuter",69.0
2021-07-24,"Es ist schade, dass man die App Easy Ride nicht mit einer Begleitperson verwenden kann.",81.0
2021-07-21,EasyRide hat meiner Meinung viel zu viele Ausfälle!,73.0
2021-07-18,Easy Ride funktioniert vielfach nicht......dann muss ich jeweils Billett über App lösen. Schade!,68.0
2021-07-07,Ich habe zur Zeit mit Easy Ride Probleme Start funktioniert nicht,90.0
2021-06-28,"- les nouveaux affichages par écran sur les quais sont bien moins fonctionnels que les anciens afficheurs électro-mécaniques. L'information est plus petite et s'affiche en plusieurs ségments qui alternent dans le temps (notamment la composition du train), ce qui rend leur lecture frustrante (j'ai 31 ans, donc ce n'est pas du tout un sentiment de rejet de la technologie qui me fait dire ça)  - dommage qu'il ne soit pas possible d'acheter une carte journalière Mobilis pour n'importe quel combinaison de zones depuis l'application Mobile CFF (sauf Easy Ride). Par exemple acheter une carte journalière zones 11, 12, 19, 64.",31.0
2021-06-28,"easyride können sie vergessen ,einmal bezahlt man 4.20 Franken ,das andere mal 7.20 Franken für die gleiche Reise Aadorf-Bahnhof Frauenfeld und zurück",79.0
2021-06-28,schnellere Reaktionszeiten von easyride,74.0
2021-06-27,"Leider war die WLAN -/Mobile Daten Verbindung nicht möglich, somit konnte ich kein easyride Ticket nutzen. Dadurch konnte mein Bonuspass nicht angerechnet werden.",50.0
2021-06-20,"Ich bin neuerdings mit EasyRide unterwegs - das klappt leider, leider nur selten = damit bin ich SEHR UNZUFRIEDEN!!!",77.0
2021-06-08,"SBB sollte nicht nur ein Zugunternehmen sondern ein Transportunternehmen sein. Dabei sollte es sich auf Transport von Personen von A nach B mit verschiedensten Transportmitteln und Verbindungen spezialisieren.  Dies ist momentan nur teilweise der Fall. Zwar gibt es Testweise Apps die dies versuchen, bisher habe ich aber keine App gesehen, die diesem Anspruch gerecht wird. Zudem sollten die Tarife diesbezüglich einfacher werden, z.B. durch reine Verbrauchs-Belastung, was Ansatzweis mit EasyRide geht - aber rein auf die Züge konzentriert ist.",49.0
2021-06-08,"Bonjour, j'ai fait un voyage avec EasyRide et je n'arrive pas à voir la facture de mon voyage, je le voie dans l'application mais je n'ai pas de facture comme quand je fais un voyage sans cette automatisme, comment faire? d'avance merci de votre aide",54.0
2021-05-24,Ich habe eine spezielle Frage :  warum kann ich nur  Mich und nicht noch eine Person / Hund auf meinem Handy mit Easy Ride  aktivieren!!!!!,65.0
2021-05-14,"Ich fände es super, wenn es wie in Singapur wäre, man logged sich ein wenn man einsteigt und aus wenn man austeigt und muss sich über Tickets keine Gedankten machen. EasyRide ist leider nicht mein Freund, ich vergesse gerne es anzuschalten, weil ich viel zu beschäftigt bin den Zug zu erwischen.",44.0
2021-05-12,"Das SBB APP hat regelmässig Probleme mein Standort zu lokalisieren. Obwohl es in den Einstellungen alle Berechtigungen hat, erhalte ich regelmässig die Mitteilung, dass mein Standort nicht lokalisiert werden kann. Dadurch kann ich zum Beispiel Easy Ride manchmal nicht benutzen, da es dem App nicht möglich ist mich an meiner üblichen Haltestelle zu lokalisieren. Dann muss ich ein normales Billett lösen über Fahrplan usw. Dies kostet aber mehr als über EasyRide. Das ist ärgerlich. Ansonsten keine Kritik.",57.0
2021-05-12,"Das SBB APP hat regelmässig Probleme mein Standort zu lokalisieren. Obwohl es in den Einstellungen alle Berechtigungen hat, erhalte ich regelmässig die Mitteilung, dass mein Standort nicht lokalisiert werden kann. Dadurch kann ich zum Beispiel Easy Ride manchmal nicht benutzen, da es dem App nicht möglich ist mich an meiner üblichen Haltestelle zu lokalisieren. Dann muss ich ein normales Billett lösen über Fahrplan usw. Dies kostet aber mehr als über EasyRide. Das ist ärgerlich. Ansonsten keine Kritik.",57.0
2021-05-09,Easy Ride  Sollte die Möglichkeit bestehen auch mit Fahrrad.,58.0
2021-05-05,"Ich fahr immer mit Hund, es wäre schõn, wenn man beide Billet te mit Easy Ride lösen kann",60.0
2021-05-02,"es wäre schon, wenn EasyRide auch am Flughafen am Bahnhof funktionieren würde. Ebenso an der Tramstation  Waldgarten",25.0
2021-04-27,Mein Easy ride funktioniert leider immer noch nicht.,58.0
2021-04-24,Easy ride auch für Velo und Kinder als meine Mitreisende ermöglichen,49.0
2021-04-13,würde gerne endlich Klasseupgrades über easyride machen…,44.0
2021-04-13,"So sollte man mit guten Kunden nicht verfahren. Diesen Brief habe ich den zuständigen Abteilungenzugestellt.   Sehr geehrte ZVV - SBB,    hatte am 2. April eine unangehme Begegnung mit der Ticket-kontrolle.    Hier der Ablauf  meiner Zugfahrt:  Habe mich kurzfristig* entschlossen den Zug in Henggart nach Marthalen um 14.13 Uhr zu benützen.    Wohne gegenüber dem Bahnof Henggart. Musste mit einem Spurt zum Peron gelangen. Der Zug war schon eingefahren. Im letzten Moment konnte ich noch einsteigen. Beim ersten freien Platz habe ich mein iphone aktiviert um die Abfahrt Henggart zu registrieren mit dem roten Knopf EasyRide. Gleichzeitig setzte sich der Zug in Fahrt. Die Registrierung hat trotzdem funktioniert.    Plötzlich stand ein Kontrollpaar vor mir und verlangte den Fahrausweis. Beim Einstieg habe ich sie nicht bemerkt.   Habe mich auf EasyRide konzentriert.   Sie verlangten den Fahrausweis, den ich noch fertig stellen musste.  Die Kontrolle hat gesehen, wie ich im letzten Moment den Zug erreichte.  «Ich hätte mich schuldig gemacht ohne Fahrausweis im fahrenden Zug zu sitzen.»   Ich erklärte* warum ich keine Zeit hatte, die Registrierung vorgängig zu aktivieren. Ich hätte den Zug verpasst. Die Kontrolle händigte mir die Anzeige aus. Von Toleranz keine Spur. Einfach stur.  Diese Strafaktion schmerzt als ÖV Benutzer und Fan der Eisenbahn.  Ich bitte Sie um nachträglich Toleranz und Streichung der Busse «Reise ohne gültigen Fahrausweis».   Die zugestellte Busse: 92.20 Fr.  Preis Henggart - Marthalen 2.20 Fr  Mit freundlichen Grüssen  Hanspeter Bleisch",75.0
2021-03-30,Bitte endlich eine Möglichkeit anbieten um ein Ticket zu lösen fürs Velo beim SBB App oder im EasyRide (auch für Kurzstrecken) Momentan muss man immer noch am Automaten separat ein Ticket fürs Velo lösen. ????,70.0
2021-03-24,"EasyRide könnte verbessert werden durch automatische Aktivierung und Deaktivierung bei einer Fahrt, die bereits unter  my Trips  abgespeichert ist.",38.0
2021-02-13,Die easyride funktion sollte den Zug/die Fahrt erkennen und in der App live ausweisen. So sieht man die Ankunftszeit und evtl. mögliche weitere Verbindungen.,37.0
2021-02-06,"Leider nicht in allen Zügen Stromanschluss für das Smartphone. Weil ich mit easyride reiste, kam ich arg in Nöten (kam von einer Skitour zurück und konnte mein Smartphone nicht nachladen)",75.0
2021-01-24,"Eines verstehe ich nicht. Im Hinweg habe touch screan benutzt, da easy ride nicht funktioniert hat. Preis Fr 15.--.  Bei meiner Frau mit easy ride Fr. 12.90.",74.0
2020-12-29,"Mein Partner wurde bei der Rückreise von einer unfreundlichen Kontrolleurin kurz vor Eintreffen in Lenzburg bzgl. dem Billet kontrolliert. Er fährt selten Zug, hat für die Fahrt auf mein Anraten Easy Ride verwendet und dieses offenbar 10 sec. zu spät eingeschaltet, wie die Kontrolleurin feststellte. Wie erwähnt, fährt mein Partner selten Zug, ist Vollzahler und es wurde ihm, auch wenn Easy Ride 10 sec. zu spät eingeschaltet wurde, der ganz Preis belastet. Die Kontrolleurin lies nicht mit sich reden und stellte die Busse aus. Wir hatten bis dahin einen guten Ausflug der nun ein sehr ärgerliches Ende fand. Hier hätte ich mir mehr Kundenfreundlichkeit gewünscht, denn es war nicht unsere Absicht zu betrügen und bereits die Hinfahrt, welche nicht kontrolliert wurde, wurde korrekt bezahlt.",54.0
2020-12-03,"App SBB mit Fahrplan online, Ticket lösen, Easy Ride, Ausflugtickets ist prima. Ein Verbesserungsvorschlag: Für Rückreise am gleichen Tag lohnt sich auf jeden Fall ein Retour Billett, das ja gleichzeitig eine Tageskarte ist. Beim Handling ist mir aber schon mehr als einmal passiert, dass ich fälschlicherweise sofort das Einfach Billet angeklickt habe, ohne Retour auszuwählen. Ich habe dann paar Sekunden später ein neues Retourbillet gekauft und für das Einfachbillet  auf der App für das versehentlich gelöste Einfachbillett  Billett erstatten  angewählt. Da hat sich gezeigt, dass die SBB überhaupt nicht kulant ist. Die Kosten für die Rückerstattung von CHF 10.- sind viel höher als eine Einzelfahrt Zone 10  mit CHF 3.20.   Wünschenswert, dass die App ein falsches Handling  einfache / Retour  Fahrt vereinfacht oder die SBB bei Falschhandling kulanter wird.  Ich danke Ihnen und grüsse Sie freundlich   079 319 60 65",68.0
2020-11-25,Bei EasyRide funktioniert das mit dem Sparbillet leider nicht ????,64.0
2020-11-25,EasyRide hat leider nicht funktioniert. Der Slide-Button „rechnet“ sich tot und ist nicht zu stoppen (auch nicht durch Neustart App oder Telefon). Einsatz auf iPhone SE 1. Gen.,25.0
2020-11-25,"Meine Frau und ich haben Testweise den Ausflug mit verschiedenen Bilett Wahlmöglichkeiten  (Easy Ride / Bilettkauf wie im vorliegendem Fall) getätigt. Der Bilettkauf Sfr 26.- im SBB Mobile App. ist klar und verständlich. Was aber bei meiner Frau Über die Easy Ride App. verrechnet wurde, grenzt an, gelinde ausgedrückt, an Missbrauch resp. „ Abzocke“. Aber dazu wird eine Anfrage an anderer Stelle eingefordert. Mit freundlichen Grüßen, Walter Leuthold.",72.0
2020-11-24,Billette für Hund oder begleitende Personen sollte man im EasyRide direkt einbeziehen können.,77.0
2020-11-23,Ich wollte die Fahrkarte über Easy Ride kaufen. Leider funktionierte die Software auf der Hinfahrt nicht.,84.0
2020-11-19,"Ich bin in Schwerzenbach eingestiegen. Da ich Easyride benutzen wollte und dieses nicht funktionierte, löste ich auf dem Weg von Schw. Bis Fäll. ein Ticket auf dem Natel!",75.0
2020-11-18,"Ich bin gerade mit dem Auto in Dietikon angekommen, der Zug stand auf dem Perron. Hineingehüpft, wollte Ticket per App lösen ging zuwenigschnell, EasyRide gestartet und dann Ticket gelöst. Ich wollte via und dies ging zuwenig schnell. Habe gehofft APP und EasyRide kommunizieren miteinander, was aber nicht klappt so habe ich Fr. 3.10 zuviel bezahlt.",64.0
2020-11-17,"Wir waren mit dem Velo unterwegs. Nur Hinfahrt von Wattwil nach Nesslau. Es ist sehr mühsam, dass man in der App kein Veloticket dazu lösen kann. Ich musste so ein Billet für mich via App lösen und parallel dazu Easyride einschalten. Ein Begleiter von mir hat notgedrungen eine Tagekarte für das Velo für 14 Fr. dazu gebucht. Effektiv hätte er aber nur Fr. 4.80 zahlen müssen.",58.0
2020-11-15,More clarity on where easyride can and can't be used,31.0
2020-11-11,Ich vermisse die Möglichkeit bei EasyRide gleichzeitig ein Fahrrad mitzunehmen.,58.0
2020-11-07,"Bin sehr enttäuscht von dem Easyride System, da mann ab Wengen nach Kleiner Scheidegg noch beim Kontrolleur nach zahlen muss. Und man nicht fähig ist in der heutigen Zeit mit den Privatbahnen eine Gemeinsamkeit zu finden. Schade hat uns etwas gestresst",59.0
2020-10-24,"Eigentlich wollte ich für die Fahrt die Easy Ride Funktion benutzen. Es gab mir immer an, der Standort könne nicht ermittelt werden.  Dies passiert so jedes 3.-4. Mal",49.0
2020-10-14,Pour le retour j'ai utilisé EasyRide. Je trouve que l'appli devrait fonctionner avec le réglage Position : App active et non être obligé d'activer Toujours ce qui est inutile pour quelqu'un qui voyage occasionnellement en train.  La position Toujours utilise de la batterie inutilement; elle est utile pour les personnes qui utilisent tous les jours le train,66.0
2020-10-13,"Der Preis der Reise mit der App und EasyRide ist nicht derselbe. Auch wenn es nur um 10 Rappen differiert hat, sollte das nicht der Fall sein.",49.0
2020-10-10,I have overlap with my easytrip with the ticket that i bought for lausanne to sion. Now i am waiting for response from easyride side about that. Its been few days already. Early notification for possible overlap would be good.,30.0
2020-10-05,"Ich konnte mein Ticket bei der Hinfahrt mit Easy Ride nicht lösen, meine Frau bekam kein Ticket über die App bei der Rückreise. Was etwas ärgerlich und unangenehm war",46.0
2020-10-05,Ich konnte leider das EasyRide nicht benutzen!,62.0
2020-10-01,"Erstaunt war ich, dass Easy Ride wegen unpräziser Standortbestimmung im Bahnhof Interlaken Ost nicht funktionierte.",73.0
2020-09-30,Ich musste ein Billet kaufen weil easy ride nicht funktioniert hat.,62.0
2020-09-30,"Teilweise muss man die Preisstrukturen kennen, um die beste Variante zu buchen und auch mit der App gibt es Schwierigkeiten z.B. bei easy ride muss ich jeweils die verrechneten Preise nachprüfen. Günstiger und mehr Kulanz, v.a. bei guten Kunden wäre auch schön.",40.0
2020-09-30,"Ich habe an einem anderen Tag ein 24h Billett von Illnau nach Winterthur gekauft mit der App. Am nächsten Tag, als das Ticket noch gültig war, musste ich von Winterthur nach Zürich fahren und dachte, dass mit easyride wohl erkannt wird, dass ich nur ein Anschlussbillett brauche und nicht eines von Winterthur nach Zürich. Leider ist das nicht der Fall und mir wurde die ganze Fahrt von Winterthur nach Zürich verrechnet obwohl ich nur drei Anschlusszonen gebraucht hätte. Vielleicht könnte das in der Programmierung optimiert werden. Abonnemente werden von easyride ja auch erkannt und nur die fehlende Strecke berechnet. Besten Dank.",45.0
2020-09-27,"Easy Ride (wischen) finde ich sehr angenehm. Schade, kann ich meine Partnerin nicht auch gleich einloggen mit dem gleichen Smartphone, das wäre wünschenswert.",64.0
2020-09-26,"es passiert oft, dass sich Easy Ride nach dem einschalten sich wieder selbständig ausschaltet. So bin ich schon ohne Bilett unterwegs gewesen ohne es zu merken.",67.0
2020-09-23,"Indem nicht einfach plötzlich die Zugsverbindung des  Nazeli  Zofingen-Hunzenschwil für 3 Monate auf Busverkehr mit doppelt so langer Fahrzeit angeboten wird. Dass Lokführer fehlen werden, muss doch dem hoch bezahlten Management seit Jahren bekannt gewesen sein!!  Ansonsten bin ich seit Jahren eifrige Benützerin der SBB - bis 2010 beruflich mit 1. Klasse GA, dann noch weitere 7 Jahre ebenfalls mit 1. Klasse GA, aber leider hat sich dieses dann gar nicht mehr gerechnet. So buchen wir mit Halbtax jeweils spontan oder mit Easy Ride. Dem Zugspersonal an dieser Stelle ein grosses Lob für ihren Einsatz.",69.0
2020-09-20,Ich bin absolut unzufrieden mit easyride.  Dies hat mir zuviel verrechnet weil ich zu es zu spaet abgeschaltet habe.... Dies werde ich von nun an nicht mehr Nutzen!,39.0
2020-09-16,Bei mir tauchen immer wider fehler meldungen beim easyride auf. Könnt ihr mal schauen ob ihr dort die fehler beheben.,23.0
2020-09-15,EasyRide auch für Geschäftsfahrten freigeben.,58.0
2020-09-13,"Alles in allem bin ich wirklich sehr zufrieden mit dem Angebot der Bahn. Persönlich würde ich es begrüssen, auch kurzfristig noch mehr Sparbillette kaufen zu können - auch damit sich die Leute besser auf die verschiedenen Züge verteilen. Einziger Kritikpunkt: Ich mag weder fairtiq noch easyride. Ich möchte einfach ein Ticket kaufen & mich dann um nichts mehr kümmern müssen. Leider wird in der SBB App für längere Strecken mein Zonen-Passepartout für Luzern & Umgebung nicht immer automatisch berücksichtigt. Ohne easyride zahle ich manchmal wohl den ein oder anderen Franken zu viel. Wäre super, wenn die App mir beim Billetkauf automatisch das billigste Ticket berechnen würde - unter Berücksichtigung der verschiedenen Tarifverbunde. Easyride möchte ich nicht anwenden, da ich nicht dauernd darauf angewiesen sein will, genügend Akku, bzw. Handyempfang zu haben.",39.0
2020-09-10,"schade dass nur bei easyride automatisch ein  Tagesticket  entsteht und man dann sparen kann, wenn man dieselbe Strecke mehrmals am Tag fährt. Man kann ja nicht immer alles planen.",22.0
2020-09-08,"Steckdosen in der Zentralbahn  Habe bei der Hinfahrt EasyRide ausprobiert, innern einer Stunde war mein Akku leer (weiss nicht ob mein Akku kaputt ist oder die App so viel leistung saugt), gerät hat sich abgeschaltet, bei wiederaufstart war die easyridefahrt gemäss scrolldownmenü noch an, in der app aber aus. Erst reinstallation von sbb app löste das problem. Bitte beheben  Insbesondere bei längeren fahrten auch möglichkeit noch 2-3min nach abfahrt ticket in der app lösen, falls man es vorher vergessen hat/ auf den zug rennen musste",26.0
2020-09-06,Vorteil ebenfalls mit Easy Ride,65.0
2020-09-02,"J'ai peur d'oublier de sortir de l'application Easyride, comment faire si l'application  ne m'indique pas de le faire? avez-vous d'autres gens qui ont ce problème là et avez-vous des suggestions? Comment puis-je savoir ce qui est débité de mon compte facilement?  Merci de vos suggestions, salutations, Inès Allemann",54.0
2020-09-01,Leider fehlt es der SBB an Kundenservice und Transparenz. Als eigene Firma arbeiten wir gerne kooperativ mit Sbb zusammen und helfen gerne bei Weiterentwicklung von Systemen wie Easyride. Leider fehlt es vielen im Kundenservice an lösungsorientiertem Vorgehensweise. Viele der Berater erkennen das gesamte System nicht und daher fehlt es ihnen an Perspektive des Kunden. Sie schützen sich durch Gesetze und Regeln ohne die gesamte Situation zu erkennen. Deshalb fühlt man sich als Kunde nicht ersntgenommen und schlecht Beraten. Man wird zwischen den Kundenservice hin und her geschoben da keiner die Verantwortung übernehmen möchte. Falls die SBB mit uns Kontakt aufnehmen möchte können Sie sich gerne an belbau@gmx.net melden.  mit freundlichen Grüssen  Stella-Maris Bel,20.0
2020-08-28,"Bei Easyride wünsche ich mir, dass man den Riegel während eines Tages öffnen und schliessen kann und die finale Abrechnung erste am Ende des Tages gemacht wird. Falls sich unter den Tickets ein Ticket befindet, das am nächsten Tag auch noch gültig ist (z.B. 24 Stunden Ticket des ZVV), sollte dieses Ticket in die normale SBB-App überführt werden, so dass ich es am nächsten Tag eventuell noch brauchen kann. Easyride-Ticktes möchte auch mit Reka Card bezahlen. Business-Tickets möchte ich auch mit Reka Card bezahlen. Ich finde es braucht für alte Leute noch genügend Verkaufsstellen mit Verkaufspersonal. Die alten Leute können die App nicht verwenden. Ich bin enttäuscht, dass die ZVV-Verkaufsstelle in Schwamendingen geschlossen wurde. Am SBB-Schalter in Genf sollten mehr Währungen zur Verfügung stehen. Es ist ein internationaler Flughafen! Letztes Mal hatte es keine Indonesische Rupien, so dass ich erst in Bali Geld gewechselt habe. Bei meiner Fahrt von Zürich vie Rotkreuz nach Adligenswil Sagi fährt in Rotkreuz der Bus oft vor meiner Nase weg, dann muss ich eine Stunde in Rotkreuz warten. Der Zug von Zürich nach Rotkreuz (Abfahrt 7.35 Uhr in ZH) hat am Morgen oft Verspätung. Bitte unter https://www.sbb.ch/de/freizeit-ferien.html nur Angebote aufführen, die auch wirklich verfügbar sind oder eine Filterfunktion machen. Bitte darauf achten, dass es genug Lokführer hat und das Streckennetz ausgebaut werden kann. SBB-Liegenschaften, die nicht gebraucht werden bitten den Genossenschaften verkaufen, damit es günstige Wohnungen gibt. Es gibt noch viel zu tun bei der SBB!",43.0
2020-08-26,"ich finde es sehr bedauerlich, dass ich das Easy Ride nicht benutzen kann, bereits auf mehreren Fahrten.",63.0
2020-08-19,Eigentlich wollte ich mit Easy Ride das Billett kaufen hat aber leider wieder einmal nicht funktioniert.,45.0
2020-08-18,EasyRide und SBBMobile funktionieren nicht am Bahnhof Schaffhausen! Sehr schlechte Internetverbindung.  In Diessenhofen und unterwegs ist dies kein Problem.  Bitte mit Bahnhof Schaffhausen eine Lösung suchen.,78.0
2020-08-16,L’utilisation d’EasyRide n’est pas toujours accessible. avec Le glissement du doigt vers la droite tourné en rond. « Localisation en cours...  et plus rien. Localisation impossible??? Que faire pour profiter de cette offre très intéressante. ?? Merci.,79.0
2020-08-11,"Eigentlich bin ich von Lachen SZ nach Zürich Enge gefahren und ab Zürich HB zurück. Dazu löse ich eine Tageskarte von Lachen nach Pfäffikon SZ und einen 9 Uhr Pass des ZVV. Das kommt günstiger und bietet mehr Flexibilität (z.B. liegt ein Abstecher nach Winterthur drin) als eine Tageskarte Lachen-Zürich. Wann endlich wird die Schweiz in einem einzigen Verbund zusammengefasst? Das jetzige System ist für verbundübergreifende Fahrten für ungeübte zu kompliziert. Mit easyride wäre meine Fahrt einfacher aber auch teurer, besonders wenn ich nach 9.00 h von Lachen tatsächlich nach Winterthur und zurück fahre.",51.0
2020-08-11,"- Dass ich das Billet auf dem Smartphone nicht vor der Abfahrt in ein Karton-Billet umtauschen muss.  - Dass es einfacher ist auf dem Smartphone nachzusehen, welche Strecken ich mit EasyRide zahlen kann und wo ich ein Billet kaufen muss. Jetzt benötige ich dafür einen grossen Plan aus Papier (Geltungsbereich GA). Den gibt's anscheinend auch online, aber ich habe ihn nicht gefunden.",69.0
2020-08-10,Die Möglichkeit auch auf dieser Strecke mit Easy Ride das Ticket zu lösen wäre sehr praktisch,55.0
2020-08-01,hatte ...immer noch ein problem mit easy ride musste im zug dieses billette lösen .habe ein e.mail geschikt .habe schon länger problem mit easy ride,68.0
2020-07-29,EasyRide App Velo integrieren inklusive Platzreservation,51.0
2020-07-29,EasyRide in France,38.0
2020-07-23,Ja das easy ride funktioniert absolut nicht!,45.0
2020-07-19,"Utilisation de easy ride Sur la partie Wengen jungfraujoch impossible, l'application ne nous en a pas averti.",42.0
2020-07-17,"Manchmal funktioniert die SBB App nicht. Es besteht keine Verbindung zum Internet. Andere Apps haben jedoch Verbindung. Ist ärgerlich, wenn man schnell easy Ride nutzen will und es geht nicht. Man sollte dann nicht in Zug einsteigen, aber soll ich wieder eine halbe Stunde warten und diese Zeit nutzen ein Billett zu lösen via App????",56.0
2020-07-16,"Ich verstehe es nicht, dass die SBB es nicht schaft, die Junior-Karte auf den SwissPass zu portieren. Wir werden jeweils seit JAHREN (!!) auf später vertröstet. Jedes Mal müssen wir aufpassen, dass wir diese PAPIER-Karten nicht vergessen. Ich will alles auf meiner SBB-App haben.  EasyRide: Wieso kann ich mein Velo oder meine Kinder nicht auch mit EasyRide laufen lassen?",51.0
2020-07-08,"Habe am Montag EasyRide verwendet, ich konnte nicht mehr mit UBS bezahlen, obwohl es einmal funktioniert, mühsam.",51.0
2020-07-04,"Easy ride is really annoying. I like it but then it stays on and I forget to turn it off even with all it's reminders. It might be nice to put stickers on the doors to remind people to do so as a way of changing behaviour to be responsible to swipe off. It really does help not worry about directions, but it's just this one small thing that bugs me still. SBB is one of the best systems in the world. And, you still ask for feedback, which you have all reason not to and yet you do - that makes you quite the stellar organization.",35.0
2020-06-06,"Mit der Art und Weise der Preisverrechnung waren meine Frau und ich ganz und gar nicht zufrieden. Weil wir bereits bei der Hinfahrt bei der Benützung von EasyRide Unstimmigkeiten festgestellt hatten (Differenz zwischen dem angegebenen Preis in der SBB-App und der effektiv verrechneten EasyRide-Belastung) machten wir auf der Rückreise nach Walchwil den folgenden Test: Ich kaufte ein normales QR-Ticket via SBB-App zum Preis von CHF 6.40 für die gesamte Reisestrecke. Meine Frau benutzte wie bei der Hinreise in der SBB-App die EasyRide-Funktion, und ihr wurden am Schluss für die absolut gleiche Reise CHF 8.00 belastet, also CHF 1.40 mehr als ich für die identische Fahrt bezahlt hatte. Wir reklamierten via Kontaktformular bei den SBB. Meine Frau erhielt hierauf die völlig unhaltbare Antwort, sie habe die Reise in Arth-Goldau unterbrochen, weshalb zwei Einzelfahrten verrechnet worden seien. Wir haben die Reise in Arth-Goldau aber überhaupt nicht unterbrochen, sondern sind lediglich umgestiegen, genau so wie die Verbindung in der SBB-App angezeigt worden ist. Wir haben deshalb bei der SBB 1 (CC Brig, Frau Calabro) um eine nochmalige Überprüfung ersucht; die Antwort steht derzeit noch aus. Offensichtlich ist die EasyRide-Funktion zwischen dem Tarifverbund Zug und dem Streckennetz der SBB im Kanton Schwyz falsch programmiert. Es heisst doch, bei EasyRide werde immer der günstigste Tarif verrechnet, was aber bei unserer Reise überhaupt nicht stimmte. Eine richtige Programmierung ist dringend angezeigt.",68.0
2020-06-01,"1. wie ich bereits im Nachgang der Reise an den SBB Desk (online) meldete: ich wollte mit Easy Ride reisen, stellte dann aber fest, dass ich hier meinen Mitreisenden nicht gleichzeitig registrieren konnte. Daraufhin EasyRide wieder abgebrochen und beide Tickets ohne EasyRide auf App gekauft (wenn ich schon eines auf App kaufen muss, dann ist es einfacher, gleich beide). Wäre nett, wenn Sie das ändern würden.  2. Hätte gerne am Bahnhof Laufen oder im Zug ein Bier gekauft. Kein Angebot vorhanden.",53.0
2020-06-01,"1. wie ich bereits im Nachgang der Reise an den SBB Desk (online) meldete: ich wollte mit Easy Ride reisen, stellte dann aber fest, dass ich hier meinen Mitreisenden nicht gleichzeitig registrieren konnte. Daraufhin EasyRide wieder abgebrochen und beide Tickets ohne EasyRide auf App gekauft (wenn ich schon eines auf App kaufen muss, dann ist es einfacher, gleich beide). Wäre nett, wenn Sie das ändern würden.  2. Hätte gerne am Bahnhof Laufen oder im Zug ein Bier gekauft. Kein Angebot vorhanden.",53.0
2020-06-01,"Ich wollte eigentlich die EasyRide Funktion nutzen, was leider aber irgendwie nicht funktioniert hatte.. daher musste ich noch kurzfristig ein Ticket über die App kaufen..",30.0
2020-03-12,My easy rider did not work. That’s why 8 had to buy the ticket.,60.0
2020-03-07,"Beim SBB App hat es die Funktion  easy ride , welche ich super finde. Leider habe ich schon vergessen, den Schieber nach dem Aussteigen zurückzuschieben. Wie merken Sie, dass man sich nicht mehr im Zug befindet? Nach welchen Kriterien beendet das App die Zugreise?",38.0
2020-03-06,Wenn das Natel sich ins SBB Wlan am Bahnhof einwählt ist bei mir der weitere Gebrauch von Fairtiq oder SBB Easy Ride nicht mehr gewährleistet. Liegt evtl an der WLAN Leistung?,48.0
2020-03-06,Dass EasyRide  im ZVV nicht 24 Stunden gültig ist!,71.0
2020-03-03,"Bessere Anzeige auf der Handy-App, wenn Verbindungen verbilligt sind. Mit Easy Ride wird je nach dem ein billigerer Tarif verrechnet (je nach Tageszeit), aber wenn man normal das Billett löst, wird die Verbilligung nicht gewährt. Oder ich muss jedes Mal mit Easy Ride lösen.",72.0
2020-03-01,"Bei der Hinfahrt hat ein Kollege mit  EasyRide  für die Strecke Wädenswil-Winterthur CHF 6.50 bezahlt. Ich habe für die Strecke Richterswil-Winterthur CHF 8.60 bezahlt. Wie kann es sein, dass eine Haltestelle CHF 2.10 ausmachen, wenn man EasyRide verwendet?  Ist man der Dumme, wenn man nicht immer das Neuste verwendet, und stattdessen auf  normale  Tickets setzt?",32.0
2020-02-28,"Ich habe bei dieser Fahrt aus versehen noch die Funktion Easyride eingeschaltet gehabt, da ich wenig Akku hatte, habe ich ein Ticket gekauft. Ich würde mir wünschen eine Erinnerung der Easyride zu erhalten, wenn gleichzeitig ein Ticket gekauft wird, oder eine Anzeige dass Easyride noch läuft. Denn dies ist beim Ticketkauft via Streckensuche nicht ersichtlich.",30.0
2020-02-27,Easy Ride Preis Berechnung funktioniert sehr schlecht!,18.0
2020-02-23,"Ich äregere mich über die Preispolitik: Gerne benutze ich ein Sparticket. Dies ist aber nicht für alle Leute (ältere Personen ohne Natel/Computer) zugänglich. Das finde ich nicht korrekt.  Das easy ride bei meiner Kollegin hat für die Strecke Bremgarten-Ulrichen im Wallis über 70.- verrechnet. Da hat es wohl  noch Fehler in der Berechnungsart drin. Wenn es dann korrekt funktioniert, werde ich es vielleicht auch benutzen.",59.0
2020-02-23,"JA: Ich wollte eigentlich dieses Billet mit EasyRide lösen und habe mich dann genervt, dass ich dazu  - meinen Standort permanent der SBB mitteilen muss (!)  - ich zudem der SBB Zugriff auf meine Health-Fitness-Apps geben muss  Soviel Dateninfo weitergeben, nur dass ich ein gewöhnliches Zugsbillet lösen kann, bin ich nicht bereit. Diese Datenkrake von SBB stört mich!",70.0
2020-02-20,"Pendant mon séjour à Zürich, j’aurais voulu profiter de l’application easyride et malheureusement, je n’ai pu y accéder qu'une seule fois. Je trouve vraiment dommage car cette application est vraiment très pratique.",55.0
2020-02-20,"Es stört mich dass das Easy Ride nicht aufhört zu laufen. ZB gestern bin ich von Biel nach Bözingenfeld gefahren. Meine Freundin holte mich ab und wir fuhren nach Champoz . Easyride hat bis Malleray-Bevilard berechnet. Kann man das verbessern? Es ist mir auch schon passiert, dass ich beim Aussteigen vergass, es abzuschalten, das wurde aber bemerkt und mir wurde ein  normales  Ticket berechnet.",46.0
2020-02-20,"Es stört mich dass das Easy Ride nicht aufhört zu laufen. ZB gestern bin ich von Biel nach Bözingenfeld gefahren. Meine Freundin holte mich ab und wir fuhren nach Champoz . Easyride hat bis Malleray-Bevilard berechnet. Kann man das verbessern? Es ist mir auch schon passiert, dass ich beim Aussteigen vergass, es abzuschalten, das wurde aber bemerkt und mir wurde ein  normales  Ticket berechnet.",46.0
2020-02-19,"Die neue App easy Ride ist toll, was mir fehlt ist die Buchung für den Hund . Ich musste sie als Mitreisendes Kind Eintragen und im Easy Ride habe ich die Funktion Mitreisende nicht gefunden.",45.0
2020-02-14,"Der Billet kauf mit Smartphone Easy Ride funktioniert meistens nicht. ups zur Zeit keine Verbindung bekomme ich im Spital Wil wie auch im Bahnhof Wil.  Fahrplanauskunft mit SBB App leider nur zur Hälfte möglich. Es kann sein, dass die INFO auf dem HB Zürich funktioniert, aber auf der Strecke Stein Winterthur leider nicht. Desalb muss ich leider die Billette zu hause am PC kaufen. Die Reklame mit der älteren Frau: ein Billet in nur einem Klick ist völlig unzutreffend. mfG Rudolf Ulrich",81.0
2020-02-14,"EasyRide-Funktion benötigt zu viel Strom.  Eure Mieter/innen die Food anbieten, sollten ökologischer werden und sich auch hinsichtlich Abfallmenge verbessern.",42.0
2020-02-09,Enable EasyRide tickets for France stations serviced by SBB and TPG.,37.0
2020-02-08,Ich bin meistens mit der EasyRide Funktion gefahren und war total Happy als ich entdeckt hatte.  Jedoch sind die Billete nicht immer direkt auf der SBB App sichtbar und das Bestätigungsmail kam auch erst später und ich musste im Zug mit dem Kontrolleur diskutieren um keine Busse zu erhalten. Seit dem benutze ich das easy ride nicht mehr.,23.0
2020-02-08,Ich bin meistens mit der EasyRide Funktion gefahren und war total Happy als ich entdeckt hatte.  Jedoch sind die Billete nicht immer direkt auf der SBB App sichtbar und das Bestätigungsmail kam auch erst später und ich musste im Zug mit dem Kontrolleur diskutieren um keine Busse zu erhalten. Seit dem benutze ich das easy ride nicht mehr.,23.0
2020-02-07,"Impossible d’activer EasyRide sur mon iPhone, même avec la grande gentillesse et aide du conducteur. Impossible d’activer au guichet Information  à Berne. Trop de personnes aux guichets de Genève avec une attente trop longue (33 personnes)  Je ne peux toujours pas utiliser EasyRide!!!!!!",75.0
2020-02-01,Das easyride funktioniert oft nicht.  Und musste trotzt skreanshut als Beweis eine Busse zahlen!  Nicht sehr sehr Kundenfreundlich,51.0
2020-01-28,"Easy ride funktioniert nicht an allen Bahnhöfen- z.B Kirchberg-Alchenflüh  Schade, dass bei easy ride keine Spartickets berücksichtigt werden",46.0
2020-01-28,"Bin eigentlich mit der SBB, Postbus und Thurbo sehr zufrieden. SBB ist eigentlich fortschrittlich und innovativ... Die SBB App ist grundsätzlich super und wird auch immer wieder verbessert. Fehler Werden normalerweise schnell behoben, wenn welche auftauchen. Nur was mich ärgert ist das man sowas wie Easy Rider scheinbar nicht getestet hat oder nicht ausreichend. Es funktioniert leider nicht richtig. Bitte in Zukunft einfach wieder richtig testen, bevor man live geht. Sowas ist nämlich richtig ärgerlich (für den Kunden und die SBB) und das geht bestimmt nicht nur mir so!  (Und sowas ist Leicht vermeidbar...)   Die Mitarbeiter der SBB machen meines Erachtens, grundsätzlich eine sehr gute Arbeit. (Von der Putzfrau bis zum Geschäftsführer)  Mit freundlichen Grüßen   Ihr Kunde",38.0
2020-01-27,"Je voulais utiliser le  Easy Ride  c'est la 2ème fois que j'essaie et cela me mets un message de non disponibilité, je suis donc frustrée car il paraît que c'est bien mais ça ne fonctionne pas  et la 1ère fois ça m'a d’ailleurs valu 10.- de taxe pour achat tardif de billet dans le train",57.0
2020-01-26,Easy Ride Finde ich toll. Benutze die App regelmässig. Das Angebot auch für Junior Karte erweitern.,47.0
2020-01-23,"Kollege hat Ticket zur gleichen Zeit wie ich (ca. 5 Minuten vor der Fahrt) über FAIRTIQ gekauft, ich über das SBB APP das Streckenbillett (nicht Easy Ride). Er hat weniger wie CHF 9.00 bezahlt (weiss nicht mehr genau, glaube CHF 8.40), ich mit dem Streckenbillet CHF 15.70. Das ist eine unglaubliche Preisdifferenz! Easy Ride brauche ich übrigens nicht mehr, weil es mir immer falsche Preise berechnet hat (nie den günstigsten Preis).",64.0
2020-01-21,"Easy Ride Funktion überprüfen - bei Verwendung der App wird extrem viel Handy-Akku gezapft, bis zum Ausschalten ... (Retourbillet musste einmal   wie früher am Automaten gekauft werden..)",53.0
2020-01-20,Easy Ride war nicht verfügbar. Billet musste manuell über die SBB-App gelöst werden. Schade.,38.0
2020-01-19,"Das SBB App finde ich benutzerunfreundlich, ich wollte Easy Ride verwenden, was leider nicht funktioniert hat. Danach wollte ich schnell ein Bahnticket auf die herkömmliche Art kaufen, was ein grösseres Unterfangen war. Ich finde das App zu kompliziert aufgebaut.",49.0
2020-01-15,The easy ride option does not seem to help much as it still uses zone wise ticketing method to calculate the travel cost and not depending on the time travelled.,38.0
2020-01-14,"Ein Hund muss auf Easy Ride bei Bedarf einfach dazugelöst werden können, möglichst mit einem Klick auf dem Smartphone oder ebenso schnell wieder weggeklickt werden, wenn ich ihn nicht dabei habe. Das wäre schön, und sicher machbar. Marco Fantoni marco.fantoni@hispeed.ch  Danke und freundliche Grüsse",61.0
2020-01-14,"SBB App funktioniert teilweise nicht richtig, manchmal kann erst nach mehrmaligem Versuchen ein Billett gelöst werden. Auch easyride machte schon Probleme beim Beenden der Fahrt, es wurde zu viel berechnet. Wurde beanstandet und rückvergütet.   Am Empfang liegt es nicht, andere Apps funktionierten jeweils einwandfrei. Gerät: iPhone XS, iOS 13.3, App-Version SBB Mobile v9.10.1 (9)",34.0
2020-01-13,Der Standortzugriff (immer) für die EasyRide App sollte nach der Reise automatisch deaktiviert werden auf (nur bei Benützung).,35.0
2020-01-10,"So, now that you ask... I would have MUCH preferred to do this with EasyRide, but my experience with EasyRide has not been good as I have been overcharged for travel that happens over two days, even when within the 24 hour period. I have written to have the charge adjusted but your help desk either does not understand the overcharge of approximately CHF 6 or they are unable o explain it. This failure of the app and EasyRide means that I must buy my tickets as before with no convenience. I am not a happy customer.",70.0
2020-01-09,"Die App hat zu viele Störungen (eingeschränkte Verfügbarkeit), Zeitnot, wenn auf Automat ausgewichen werden muss (was ja dann viele gleichzeitig müssen).  Easy Ride ist eine tolle Sache",45.0
2020-01-09,Bei Reisen mit Easy Ride Begleitperson zum Beispiel Ehepartner ermöglichen!,70.0
2020-01-06,Easy Ride berechnet offenbar keine Klassenwechsel sondern nur ganze Billete.,60.0
2020-01-06,Easy Ride hat nicht funktioniert...,50.0
2020-01-06,"Ich habe den EasyRide Gutschein nicht einlösen können, zuerst hat es mir Fr. 10.- abgebucht aber bei der Belastung auf der Kreditkarte wurde der volle Betrag abgebucht, somit sind diese Gutscheine ein Witz, freundliche Grüsse, Roman Knüsel",72.0
2020-01-04,EasyRide konnte ich nur ein mal brauchen.   Jetzt immer ungenügend oder deaktiviert.,68.0
2020-01-03,"Guten Abend  Mit der Fahrt nach Sissach war eigentlich alles ok. Jedoch!!! Im Zug wollte ich die Fahrkarte mit EasyRide lösen, wollte, aber es funktionierte ums verr....nicht! Hinter mir amüsierte sich einer ihrer Kontrolleure köstlich über meine Bemühungen. Helfen he warum? Der Zug fährt ja noch nicht! Aber bei der Abfahrt stand er da und wollte mein Fahrkarte sehen!! Zum Glück war er in Begleitung einer wesentlich kompetenteren Zugbegleiterin, die jedoch auch nicht in der Lage war das Billett mit EasyRide zu lösen!!! Am Schluss hatte ich das Gefühl, ich hätte Glück gehabt, dass ich keine Busse bekam! In Zukunft lasse ich mich wieder mit dem Auto abholen und verzichte auf ihr Service.  Mit freundlichen Grüssen",70.0
2020-01-03,"Da erhält man E-Gutscheine, wenn man EasyRide das erste Mal benutzt. Zum einen lassen sich gerade für dieses Angebot die E-Gutscheine nicht benutzen wie auch für Sparkarten und Spartageskarten nicht. Zum andern ist mindestens für mich das Einlösen dermassen kompliziert, dass ich das das nächste Mal wahrscheinlich bleiben lasse (ein Gutschein wurde als gebraucht gemeldet, ohne dass ich eine Fahrkarte lösen konnte). Unser Weg zum Bahnhof beträgt ca. 25 Minuten oder 1,6 km. Von ca. 130 Zugsabfahrten und Ankünfte haben gerade mal 30 Verbindungen einen Ortsbus-Anschluss. Wo kein Angebot besteht, kann auch keine Nachfrage entstehen.",69.0
2020-01-02,"Eigentlich wollte ich mit easy ride reisen wie schon von ZH HB nach Ziegelbrücke. Da ich die Anzeige „ kein oder zu schwaches Ortungssignal“ bekam, klappte das nicht. Später habe ich durch googeln herausgefunden, dass IMMER ausgewählt sein muss. Bei VERWENDUNG DER APP reicht nicht. Ich finde die Ausdrucksweise verwirrend und unlogisch. Das müsste meiner Meinung nach klarer kommuniziert werden.",63.0
2020-01-02,"This is my misunderstanding when I first used this APP. I misunderstood EasyRide as a saving-money tool so I opened it when I had the ticket and then I had to pay the extra money about 37CHF. Furthermore, I tried to connect with the stuff about the refund problem through a form in the mobile app and there is still no response after one week and now I still get no reply. I feel confused and this really makes me bad.",23.0
2020-01-02,"Katastrophaler Prozess zum Kauf der Tickets via SBB App! Ich verlor etwa 1h um das Ticket richtig kaufen zu können. Mein Halbtax lief ende 2019 ab, was aber nicht automatisch in der SBB app übernommen wurde trotz mehrfachem einloggen bei swisspass etc! Auch Easyride konnte ich nicht nutzen da auch dort die SBB app nicht verstanden hat, dass ich kein 1/2tax mehr hatte. Wirklich schlimm und sehr mühsam. Am Ende werde ich von der SBB als Schwarzfahrer dargestellt wenn etwas wegen ihren Appfehlern nicht funktioniert. Wenn schon Automatisierung, dann aber bitte richtig.",38.0
2019-12-31,"Habe dieses Billett für meine Frau gelöst,ich bin gleichzeitig mit EasyRide gereist",66.0
2019-12-18,Ich kann nicht mit easy ride buchen obwohl ich es auf Natel geladen habe.,70.0
2019-12-18,"Easy Ride ist sehr schlecht. Ich habe es mehrmals versucht und noch keine Fahrt ohne Hoppla, da ist ein Fehlet aufgetreten, erlebt.",58.0
2019-12-17,Es war ein Problem mit easy ride aufgetreten und  ich musste sehr kurzfristig ein Billet lösen  !,62.0
2019-12-12,La fonction EasyRide ne fonctionnait malheureusement pas. Selon l'application je n'était pas dans la zone couverte par l'AG!,42.0
2019-12-11,Easy Ride funktionierte nicht,64.0
2019-12-11,"alles super, nächstes mal werde ich mit easy ride reisen.",68.0
2019-12-10,"Störungen auf dem App. Beispiel EasyRide. Zug fährt ein, Start nach rechts ziehen, funktionierte nicht. Auch beim SBB Mobile schon passiert. ??!!  Man hofft immer, hoffentlich klappt es. Zeit zum Billett lösen ist keine mehr. Was macht man da???!!!!",68.0
2019-12-09,"Unique mais stressante difficulté : l'app easy ride a mis au moins 20-25 minutes à fonctionner correctement pour que je puisse prendre mon billet. Stressant si un contrôleur était passé avant et que je n'avais pas encore pu télécharger mon billet.  Sinon, trains suisses très chouettes, même si effroyablement cher (et du coup je prends souvent l'avion au lieu du train en Europe)",43.0
2019-12-09,"Anschluss nach Aarau war extrem knapp. Der Zug nach Aarau hatte dann Verspätung. Die S-Bahn von Aarau nach Lenzburg hat den Anschluss zum Glück abgewartet. Die Umsteigezeiten Bern - Lenzburg sind extrem knapp. Es fehlen so oder so gute Verbindungen von Bern nach Lenzburg. Zudem funktioniert Easy Ride auf meinem Smartphone nicht.  Der Bewegungsmelder ist In den Einstellungen aktiv, trotzdem wird in der App regelmässig eine Aufforderung zur Anmeldung gezeigt.",64.0
2019-12-08,"Ich fand es schade, dass Easy Ride nicht funktioniert hatte. Ich habe es an diesem Tag das 1.Mal ausprobiert.",34.0
2019-12-08,Anfragen zu easyride beantworten. Läuft seit bald zwei Wochen  calculating ...,35.0
2019-12-08,"War alles sehr gut, nur...  Eine nette Dame hat mir an der INFO im Bahnhof Aarau freundlicherweise den Promo-Code für Easy Rider im Natel eingegeben  Also sollte eben diese Fahrt nur Fr. 5.00 kosten und sie geben Fr. 15.00  Sehr nett habe ich bei der Rückkehr betreffs Preis Auskunft erhalten, dass es richtig abgerechnet wird. Nun schreiben sie wieder Fr. 15.00. Was ist los",74.0
2019-12-07,Ich wollte für die Fahrt Easy Ride benutzen. Es hat aber nicht funktioniert!,53.0
2019-12-06,"Easy ride wird nicht gebraucht werden, wenn der „Standort“ aktiv sein muss, wenn die App nicht gebraucht wird  Bin schon mehr als 5 x sehr sehr sehr unzufrieden mit der Fahrt ins Tessin gewesen, weshalb ich hierfür nur noch das Auto brauche und das Halbtax nicht mehr erneuern werde",55.0
2019-12-05,Das Mobile App hat in letzter Zeit nicht funktioniert. SBB hat mich so zum Schwarzfahrer gemacht. Oder muss ich zukünftig 20 min vorher am Bahnhof sein um ein Billett zu kaufen? Oder muss ich dann eine halbe Stunde oder später Abends sogar 1h am Bahhof auf die nächste Verbindung warten damit ich nach der Arbeit nachhause komme?  Die neue Funktion easy ride funktioniert nicht trotz richtiger Einstellungen. Was ist de GA Verbund?   Zu kompliziert für normale ÖV Nutzer.,45.0
2019-12-04,Habe eigentlich wie bei der Hinfahrt mit EasyRide bezahlen wollen. Hat aber trotz mehreren Versuchen auf dem Perron nicht geklappt. Bei meiner Frau hat‘s geklappt. Sie bezahlte allerdings CHF-.70 mehr???,79.0
2019-12-04,Ich hätte den Preis des Tickets gerne früher gesehen. Es war mein erstes Mal mit „EasyRide“.,30.0
2019-12-03,"Auf der Hinfahrt hab ich die Easyridefunktion genutzt, wurde kontrolliert und konnte leider dem Herr nicht zeigen, dass ich die Fahrt gestartet habe. Darauf hin bekam ich eine Busse und hatte diverse Telefonate etc. Fact war, dass ich alles richtig gemacht hatte und im Besitz eines E-Tickets war. All die Unanehmlichkeiten wären mir erspart geblieben, wenn der Herr mir gezeigt hätte, dass ich in der App nach links Swipen muss und er dort die Bestätigung gesehen hätte. Es wäre schön, wenn ihr Kontrollpersonal etwas freundlicher und ev sogar hilfsbereiter wäre. Zumal im Moment in den Print und TV Werbung rege von der Easyride Funktion geworben wird...ebenso ist in der App die Easyridefunktion nicht erklärt. Besten Dank für Ihre Kenntnissnahme!",48.0
2019-12-03,J’ai du mal à utiliser la fonctionnalité Easyride de l’application Mobile CFF avec mon smartphone.,49.0
2019-12-03,"Die Bestellung des Tickets via App ist mühsam. Ohne das WLAN auszuschalten, kann ich kein Ticket bestellen. Zudem drehte das  Ührchen  als ich easy ride benutzen wollte.",53.0
2019-12-02,"fahre sonst immer mit easy ride. es machte probleme, fahre auf preview, nach 30 min beim sbb schalter in biel, hat mir die dame am freitag das easy ride auf dem roten sbb app eingerichtet. am montag morgen bei meiner fahrt zur arbeit, gingen beide nicht mehr.... super! also musste ich schnell schnell noch ein ticket lösen, bevor der zug abgefahren ist. am abend bei der rückfahrt ging das easy ride auf preview wieder, auf dem roten app geht es immer noch nicht. was wäre geschehen, wenn ich ohne billet gefahren wäre? busse sicherlich...",60.0
2019-12-02,"An besagtem Tag wollte ich von Niederweningen nach ZRH HB fahren. In der dem el Fahrplan waren die Abfahrtzeiten in NW auf Gleis 1 zwei mal aufgeführt, Gleis 1 = 2 Züge zur gleichen Zeit, einer über Oerlikon mit Umsteigen, der andere direkt nach ZRH Hauptbahnhof. (unmöglich) Ich habe mich entschieden von Baden aus nach ZRH HB zu fahren. Das Nachfragen bei Kontolleuren in ZRH brachte keine Erklärung des Fehlers im Fahrplan. Auch div Fragen betr. Easy Ride konnten die Kontrolleure nicht zufriedenstellend beantworten.",74.0
2019-12-02,I was very dissatisfied with the ticket purchase required. On my journey to Zurich on the morning of 2.12 I used Easy Ride. I planned to use Easy Ride for the return journey but the system was not functioning. The mobile app informed me of this. Therefore I had to buy another round trip ticket as I was planning to return again to Zurich with the 18:32 from Oberrieden (See). So I spent more money that day due to the fact that Easy Ride was not functioning in the afternoon. I paid 3.40 for the morning Easy Ride journey and then 6.80 for the afternoon roundtrip. It would have been more economical to just pay 6.80 for a 24 hour ticket. I won't be using Easy Ride again.,51.0
2019-12-02,"Leider konnte ich mich nicht mit dem neuen EasyRide anmelden, es kam immer die Fehlermeldung: hoppla da hat etwas nicht funktioniert.  So musste ich auf die alte Ticketbestellung ausweichen, darum auch nur eine 6 bei der Gesamtbeurteilung.",68.0
2019-12-02,Ich wollte das Ticket mit easy ride lösen. Hat leider nicht geklappt.,55.0
2019-12-01,"Ich hätte gerne EasyRide ausprobiert, es war aber auf Zürich Flughafen nicht verfügbar :((",47.0
2019-11-30,Easy ride hat nicht funktioniert!,59.0
2019-11-30,"Samedi 30 novembre, tout allait bien mais Easy ride ne fonctionnait pas correctement lundi 2 décembre en gare de Genève. C’était très embêtant",65.0
2019-11-29,"Fonctionnement correct de l'application EasyRide. A améliorer, notamment la qualité du réseau de connexion.  D'autre part, l'application classique ne m'a pas permis d'entrer le code promotionnel (bon de 10 francs). Je n'ai pu le valider que sur le site CFF à la maison.",72.0
2019-11-27,"Ich wollte das neue Angebot EasyRide ausprobieren, erhielt jedoch Fehlermeldungen.",65.0
2019-11-26,"Habe versucht EasyRide in Anspruch zu nehmen. Das System hat mir jedoch eine Bustageskarte verkauft für den Bereich Dietikon.Ich befand mich zu jenem Zeitpunkt kurz vor dem Bahnhof, d.h. auf dem Weg dahin....Ich habe es dann zu stornieren versucht und das Ticket auf dem 'klassischen Weg' auf dem mobile gekauft.",67.0
2019-11-26,Ich wollte in Winterthur das erste mal mit EasyRide fahren. Aber leider hat es nicht funktioniert. Der Standort konnte nicht ermittelt werden. Dies zumindest im vordersten Teil des Perrons.,61.0
2019-11-26,"Ich habe am 26.11.2019 eine Geschäftsreise von Chiasso nach Luzern unternommen. Bei der Hinfahrt habe ich die neue SBB Plattform  Easy Ride  benützt. Als ich Luzern ankam, habe ich die Fahrt als beendet markiert. Als ich am 14:18 von Luzern nach Chiasso zurückfahren wollte, funktionierte diese Plattform nicht mehr, so dass ich ein teureres Einzelbillett kaufen musste. Die Handy Applikationen der SBB lassen immer noch zu wünschen übrig, da sie offenkundig in Bahnhöfen und unter Bahnhofdächern etc. schlicht nicht funktionieren. Ich musste daher eine Einzelfahrkarte mit der App im Zug lösen.     Mit freundlichen Grüßen    Peter Hübner",64.0
2019-11-25,Es Nervt das EasyRide nicht richtig funktioniert zum starten geht es wenn man die Reise beenden will sucht und sucht bis zum nächsten Morgen und man ein normales Ticket für die Rückfahrt lösen muss darum löse ich nur noch Tickets.,56.0
2019-11-25,"das EasyRide, welches ich mir aktiv geschaltet habe funktionierte nicht richtig. Auf dem Bahnsteig Bern RBS wurde der Bahnhof nicht erkannt und ich konnte diesen nicht über die EasyRide Applikation auswählen. Weiter ist das EasyRide von einer guten Internetverbindung abhängig, was nicht immer gewährleistet wird. DA müsste noch was geschehen damit ich es wieder verwende.",53.0
2019-11-25,Ich finde das neue Angebot Easy Ride super und auch die SBBApp ist ganz grundsätzlich toll und sehr hilfreich. Vielen Dank für diesen Service!,39.0
2019-11-24,"ich konnte easy ride nicht aktivieren, auf der hinreise von derendingen pestalozziplatz nach liestal und retour. auf der hinreise bestätigte mir in solothurn ein schalterbeamte auf meine frage, dass easy ride funktioniert; aber dies stimmte nicht - so bin ich ungewollt gratis nach liestal gereist. auf der rückreise wurde ich  auf der app informiert, dass die verbindung fehl schlug . und so löste ich das billet online.",67.0
2019-11-22,"Während mehrerer Wochen im Herbst 2019 (nach einer Softwareaktualisierung) war die Benützung der App sehr umständlich; sie verfiel ständig in den Freeze-modus, und ich musste jedes Mal das Handy (iPhone) ausschalten und neu starten, um die App benützen zu können. Ich weiss nicht, wo genau das Problem lag. Jetzt, nachdem Easy Ride eingeführt wurde, funktioniert die App wieder einwandfrei, ohne dass ich etwas unternommen hätte.",60.0
2019-11-22,"Positiv: Am 22.10.19 funktionierte EasyRide.  Negativ: Am 20.11.19 konnte es in Basel nicht ausgeschaltet werden und auf der Rückfahrt bei der sehr freundlichen Kontrolle stoppte die Verbindung in der Nähe von Deitingen. Dann löste ich ein normales Billet (not EasyRide). Erst 4 Tage später erhalte ich eine Quittung für das fehlerhafte EasyRide Billet.  EasyRide ist unzuverlässig und das Billet ist nicht sofort ersichtlich, Quittung erst 4 Tage später. Ich werde EasyRide nicht mehr benützen.  Positiv: Habe heute die Nachricht bekommen, dass mir das normale Billet rückerstattet wird.",76.0
2019-11-20,EasyRide ist wirklich cool!!!,65.0
2019-11-19,"ticket war 2 std gültig, wollte innerhalb der 2 std einen stadtbus (Winterthur) früher nehmen auf grund von besorgungen am winterthur hb, jedoch nicht möglich, da die app ein Zwischenhalt nicht zulässt oder ist mir dies nicht bekannt. nehme an, dass easyride wahrscheinlich das Problem lösen wird. ",36.0
2019-11-18,"Leider funktionierte die SBB Preview App (EasyRide) zu Beginn der Reise nicht und ich löste auf Anraten des Kondukteurs im Zug ein Online-Billett. Es ist dies nicht das erste mal, dass es zu Beginn der Reise nicht klappte! Hie und da auch im Bus!!!",75.0
2019-11-17,"Ich freue mich über die sparbillete und richte meine Reisen entsprechend ein. Das würde mit easy ride wegfallen. Deshalb hoffe ich, dass easy Ride nicht eingeführt wird. Ich behalte gerne die Kosten selber in der Hand. In diesem Punkt vertraue ich der SBB ganz und gar nicht. Diese Frage wurde nicht gestellt .... freundliche Grüsse S.m.",56.0
2019-11-16,"Das Bahnhofpersonal konnte mir bis heute nicht erklären, wieso EasyRide auf meinem iPhone nicht funktioniert. Fehlercode XVA 6.",71.0
2019-11-13,"Heute wollte ich EasyRide nutzen. Zuerst funktionierte es nicht, ich bewegte die Start-Taste und konnte meinen Standort nicht ermitteln, anschliessend wollte ich es deaktivieren, resp. den Stratknopgf nach links ziehen ... Schlussendlich habe ich eine Tageskarte via APP gelöst.  Ich glaube, schlussendlich hat es mich doch eine Fahrt gekostet, trotzdem ich eine Tageskarte (aus sicherheitsgründen) gekauft habe, weil EasyRide meinen Standort auf dem Bahnhof nicht fand ...",65.0
2019-11-10,"EasyRide is a great feature, but it drains my battery. It would be great if it could be made more battery efficient - maybe using beacons inside trains instead on relying on GPS all the time could help.",27.0
2019-10-07,"Die SBB Preview App mit  EasyRide  funktioniert nur wenn man die Ortungsdienste aktiviert. Das ist klar und verständlich.  Nutzt man aber die Option  beim verwenden der App  bei den Ortungsdiensten funktioniert  EsayRide  aber leider nicht.  Ich möchte nicht, dass die Ortungsdienste dauernd meine Standort ermitteln kann. Das ist eine Einschränkung die problematisch ist.",62.0
2019-10-01,"bei Reisen mit Fairtiq oder Easy ride kann es vorkommen, dass man erst einloggt wenn der Zug in Bewegung ist. Man realisiert es dann. Die Toleranzgrenze der Kontrolleure ist lausig, ich habe zwei Mal ",71.0
2019-07-23,"Wir haben das SBB Mobile und das SBB Previeew auf dem Handy. Warum istt easyride  auf dem SBB Mobile nicht auch verfügbar, sodass wir nur ein SBB App auf dem Handy haben müssen.",76.0
2019-07-15,Mit Easy Ride kann ich leider kein Billett für meine Frau lösen sowie ihren Swisspass hinterkegen. Das währe noch ein Punkt der verbessert werden könnte.,72.0
2019-07-10,"Am Vortag hatte die Easy Ride App leider abgestellt bevor ich in Effretikon war und ich musste 140 Fr. Busse bezahlen, was ich sehr unangemessen fand, wenn ich sehe wie viele Schwarzfahrer einfach keine Bussen bezahlen",66.0
2019-06-21,"Velo Billette im App lösen, war ein Problem!  Mit easy ride geht das nicht, mussten noch ein zusätzliches Billett lösen. Leider etwas umständlich!",65.0
2019-06-04,Serververbing zu Easy Ride funktionierte wieder nicht! Schade!,44.0
2019-03-24,"Ich würde es sehr begrüssen, wenn man die Easyride-Funktion auch mit Reka-Card bezahlen könnte.",50.0
2019-03-09,Easy ride ist toll!,79.0
2019-02-08,"wenn ein Zug Verspätung hat und man mit Easy Ride fahren möchte, wird angezeigt, dass dieser Zug schon abgefahren ist und man muss in aller Eile ein Billet lösen auf dem Handy.",64.0
2019-02-03,EasyRide funktioniert auf dieser Linie fehlerhaft. Habe mich auf dem Heimweg in Schaffhausen eingeloggt und wurde automatisch in Ermatingen ausgeloggt. Erst in Güttingen war es wieder möglich sich ein zu loggen. Es kam die Fehlermeldung diese Linie befindet sich nicht im GA Bereich... ,51.0
2019-01-06,"Für mich wäre perfekt wenn beim lösen des Anschlussticket mein Ostwind-Abo automatisch berücksichtigt würde. Jetzt muss ich immer schauen, wo der Verkehrsverbund aufhört und der Zug zum letzen mal vor dem verlassen der ZVV-Zonen anhält. Da ich den Plan nicht auswendig kann muss ich immer nachschauen.   Vielleicht könnte man mit easy Ride etwas programmieren das die letzte Haltestelle vor dem verlassen der ZVV-Zone oder Ostwind-Zone anzeigt.  Das wär mega cool :-)",60.0
2018-12-17,"Ich bedanke mich für die gute neu App mit der EasyRide Möglichkeit. Macht weiter so.   In Zürich konnte ich die App nicht benutzen für das Tram, Server nicht verfügbar.    Besten Dank und Gruss  Raymund Beiner",71.0
2018-11-23,"Bin mit der App sehr zufrieden, wird auch rege benutzt. Easy Ride läuft super, saugt jedoch den Akku sehr schnell leer… daher nur für kurze Distanz geeignet.",54.0
2018-04-07,Veloselbstverlad in allen zügen ohne reservation. Gepäckabteile grösser bei zügen in wintersportgebiete. Digitale tickets easy ride für ganze schweiz,55.0
